Páginas principales,Clics,Impresiones,CTR,Posición
https://nirvex.es/,165,45720,0.36%,25.98
https://nirvex.es/blog/organigrama-departamento-marketing/,58,9012,0.64%,11.47
https://nirvex.es/recurso/calculadora-de-kpis/,16,308,5.19%,20.49
https://nirvex.es/agencia-seo-valencia/,6,31073,0.02%,27.42
https://nirvex.es/blog/pipeline-de-ventas/,4,3281,0.12%,34.09
https://nirvex.es/blog/como-transformar-mqls-en-sqls/,4,752,0.53%,8.28
https://nirvex.es/agencia-seo-b2b/,3,4447,0.07%,31.67
https://nirvex.es/agencia-meta-ads-b2b/,3,3873,0.08%,28.76
https://nirvex.es/recurso/plantilla-definitiva-cmo-b2b-leads/,3,69,4.35%,13.68
https://nirvex.es/sobre-nosotros/,2,698,0.29%,14.39
https://nirvex.es/contacto/,2,454,0.44%,4.71
https://nirvex.es/industria/construccion/,2,247,0.81%,5.55
https://nirvex.es/recursos/,2,127,1.57%,5.43
https://nirvex.es/generacion-leads-b2b-videos-ia/,2,55,3.64%,34.44
https://nirvex.es/agencia-facebook-ads/,1,11554,0.01%,30.95
https://nirvex.es/agencia-google-ads-b2b/,1,2004,0.05%,41.63
https://nirvex.es/portfolio/fresh-people/,1,200,0.5%,7.17
https://nirvex.es/recurso/plantilla-productos-google-merchant/,1,147,0.68%,33.8
https://nirvex.es/portfolio/nuvol-drone/,1,132,0.76%,19.33
https://nirvex.es/blog/,1,40,2.5%,8.72
https://nirvex.es/recurso/plantilla-calendario-seo/,1,16,6.25%,7.44
https://nirvex.es/agencia-inbound-marketing-b2b/,0,2327,0%,15.91
https://nirvex.es/agencia-marketing-industrial/,0,2173,0%,21.73
https://nirvex.es/blog/organigrama-departamento-marketing/#3_Marketing_digital,0,1516,0%,4.81
https://nirvex.es/blog/organigrama-departamento-marketing/#Roles_fundamentales_del_organigrama_del_departamento_de_marketing,0,1516,0%,4.81
https://nirvex.es/blog/organigrama-departamento-marketing/#%C2%BFQue_es_el_organigrama_del_departamento_de_marketing,0,1446,0%,4.68
https://nirvex.es/agencia-marketing-saas/,0,936,0%,32.12
https://nirvex.es/agencia-google-ads/,0,901,0%,31.06
https://nirvex.es/agencia-marketing-digital/,0,587,0%,43.91
https://nirvex.es/blog/organigrama-departamento-marketing/#Tipos_de_organigramas_para_el_departamento_de_marketing,0,306,0%,6.48
https://nirvex.es/agencia-hubspot/,0,254,0%,55.81
https://nirvex.es/agencia-marketing-abm/,0,212,0%,14.84
https://nirvex.es/casos-de-exito-2/,0,57,0%,12.49
https://nirvex.es/casos-de-exito/,0,30,0%,16.93
https://nirvex.es/blog/como-transformar-mqls-en-sqls/#%C2%BFQue_son_los_MQL_y_los_SQL,0,1,0%,6
https://nirvex.es/blog/como-transformar-mqls-en-sqls/#2_Implementa_lead_scoring,0,1,0%,6
https://nirvex.es/blog/como-transformar-mqls-en-sqls/#4_Establece_un_SLA_entre_marketing_y_ventas,0,1,0%,6
https://nirvex.es/blog/como-transformar-mqls-en-sqls/#Pasos_para_transformar_un_MQL_en_SQL,0,1,0%,6
https://nirvex.es/wp-content/uploads/2024/12/fresh-people-caso-exito-4.png,0,1,0%,19